timestamp,block_number,tx_index,tx_hash,action,log_index,token_id,tick_lower,tick_upper,liquidity,amount0,amount1,amount0_dec,amount1_dec,fee0,fee1,fee0_dec,fee1_dec,details
2025-09-01T13:34:43+00:00,34972168,110,0x7da74da2383393c2e61677dcf1d7ba046601d3c1987ed136ef1bfb534a86d144,mint,533,24285866,-70200,-69900,489449152141,56921214644,168916511,56921.214644,1.68916511,,,0,0,"{""pool_owner"": ""0x827922686190790b37229fd06084350E74485b72""}"
2025-09-01T13:35:31+00:00,34972192,169,0x69e0778b324ce113cdedb540780dfddb0ab15dd013cc21ce5f8cc1c82751b734,collect,420,24285866,-70200,-69900,,289083,0,0.289083,0,289083,0,0.289083,0,"{""recipient"": ""0xa697a5b929CcA9b3F8a78c4E4Af1848506C06022""}"
2025-09-01T13:35:31+00:00,34972192,169,0x69e0778b324ce113cdedb540780dfddb0ab15dd013cc21ce5f8cc1c82751b734,gauge_deposit,425,24285866,,,489449152141,,,0,0,,,0,0,
2025-09-01T15:43:53+00:00,34976043,37,0x556ad144f010f147004ae28091eda5986ae32bd5d8aa46c1673e9dbfc8c7565d,collect,372,24285866,-70200,-69900,,0,0,0,0,0,0,0,0,"{""recipient"": ""0xa697a5b929CcA9b3F8a78c4E4Af1848506C06022""}"
2025-09-01T15:43:53+00:00,34976043,37,0x556ad144f010f147004ae28091eda5986ae32bd5d8aa46c1673e9dbfc8c7565d,gauge_getReward,376,24285866,,,,,,0,0,,,0,0,
2025-09-01T15:43:53+00:00,34976043,37,0x556ad144f010f147004ae28091eda5986ae32bd5d8aa46c1673e9dbfc8c7565d,gauge_withdraw,379,24285866,,,489449152141,,,0,0,,,0,0,
2025-09-01T15:44:29+00:00,34976061,143,0x55cef1e90654d17fbc92325d8ad6561efc9070cc1b4466bd047449b2cb851922,burn,569,24285866,-70200,-69900,489449152141,14486991835,207841562,14486.991835,2.07841562,,,0,0,
2025-09-01T15:44:29+00:00,34976061,143,0x55cef1e90654d17fbc92325d8ad6561efc9070cc1b4466bd047449b2cb851922,collect,574,24285866,-70200,-69900,,14486991835,207841562,14486.991835,2.07841562,0,0,0,0,"{""recipient"": ""0xa697a5b929CcA9b3F8a78c4E4Af1848506C06022""}"
2025-09-01T15:45:35+00:00,34976094,6,0x9b4e1b4fa08e8eedf9098d22b9592fb55ac4eb29d225221febb2cb80c3ec3aae,mint,18,24297525,-70000,-69900,1267100611945,33188656576,161263963,33188.656576,1.61263963,,,0,0,"{""pool_owner"": ""0x827922686190790b37229fd06084350E74485b72""}"
2025-09-01T15:46:13+00:00,34976113,158,0x819bf0539ce3ca17faf30b429c237eda14d5954f9f4b8f6d6150ca58199fd27b,collect,490,24297525,-70000,-69900,,648965,18,0.648965,0.00000018,648965,18,0.648965,0.00000018,"{""recipient"": ""0xa697a5b929CcA9b3F8a78c4E4Af1848506C06022""}"
2025-09-01T15:46:13+00:00,34976113,158,0x819bf0539ce3ca17faf30b429c237eda14d5954f9f4b8f6d6150ca58199fd27b,gauge_deposit,495,24297525,,,1267100611945,,,0,0,,,0,0,
2025-09-01T17:42:23+00:00,34979598,103,0x2cf5b83d586a387c7efaa5cdfd46acf1486fbf99f20e1d00d1e50921c747af0f,collect,383,24297525,-70000,-69900,,0,0,0,0,0,0,0,0,"{""recipient"": ""0xa697a5b929CcA9b3F8a78c4E4Af1848506C06022""}"
2025-09-01T17:42:23+00:00,34979598,103,0x2cf5b83d586a387c7efaa5cdfd46acf1486fbf99f20e1d00d1e50921c747af0f,gauge_getReward,387,24297525,,,,,,0,0,,,0,0,
2025-09-01T17:42:23+00:00,34979598,103,0x2cf5b83d586a387c7efaa5cdfd46acf1486fbf99f20e1d00d1e50921c747af0f,gauge_withdraw,390,24297525,,,1267100611945,,,0,0,,,0,0,
2025-09-01T18:37:03+00:00,34981238,82,0x8633918920f0698f1cf385070cfed7acbfa8c12fec42332a159e24af3d5c0e91,collect,204,24297525,-70000,-69900,,86168534,58508,86.168534,0.00058508,86168534,58508,86.168534,0.00058508,"{""recipient"": ""0xa697a5b929CcA9b3F8a78c4E4Af1848506C06022""}"
2025-09-01T18:38:09+00:00,34981271,7,0xfee845b91425023ce8153e3c38375a14bc8ab4ca0020222cbbfd0b1d3669ced7,collect,189,24297525,-70000,-69900,,0,3812,0,0.00003812,0,3812,0,0.00003812,"{""recipient"": ""0xa697a5b929CcA9b3F8a78c4E4Af1848506C06022""}"
2025-09-01T18:38:09+00:00,34981271,7,0xfee845b91425023ce8153e3c38375a14bc8ab4ca0020222cbbfd0b1d3669ced7,gauge_deposit,194,24297525,,,1267100611945,,,0,0,,,0,0,
2025-09-01T23:53:25+00:00,34990729,6,0x45358a6594f45bdea207688329c32055e7519052cea3ecfca39a5574ad25d520,collect,48,24297525,-70000,-69900,,0,0,0,0,0,0,0,0,"{""recipient"": ""0xa697a5b929CcA9b3F8a78c4E4Af1848506C06022""}"
2025-09-01T23:53:25+00:00,34990729,6,0x45358a6594f45bdea207688329c32055e7519052cea3ecfca39a5574ad25d520,gauge_getReward,52,24297525,,,,,,0,0,,,0,0,
2025-09-01T23:53:25+00:00,34990729,6,0x45358a6594f45bdea207688329c32055e7519052cea3ecfca39a5574ad25d520,gauge_withdraw,55,24297525,,,1267100611945,,,0,0,,,0,0,
2025-09-02T03:29:39+00:00,34997216,203,0x7e0f3ff57abf9bec162d48f2acb5dac93747ffbcc233806a24a721473bbcb7e6,burn,502,24297525,-70000,-69900,1267100611945,209232359114,0,209232.359114,0,,,0,0,
2025-09-02T03:29:39+00:00,34997216,203,0x7e0f3ff57abf9bec162d48f2acb5dac93747ffbcc233806a24a721473bbcb7e6,collect,506,24297525,-70000,-69900,,209232359114,0,209232.359114,0,0,0,0,0,"{""recipient"": ""0xa697a5b929CcA9b3F8a78c4E4Af1848506C06022""}"
2025-09-02T03:31:01+00:00,34997257,15,0x019bfd7661a6e2c2306e8ef885632d8ad7a72e7ed68a8ae26187a08a07c8803c,collect,6,24297525,-70000,-69900,,218073120,171669,218.07312,0.00171669,218073120,171669,218.07312,0.00171669,"{""recipient"": ""0xa697a5b929CcA9b3F8a78c4E4Af1848506C06022""}"
2025-09-03T03:36:07+00:00,35040610,13,0xdc0a970ce55c0a1d46517654eb65ed9883561fca89fc4e97a3f446719d3b2401,mint,46,24473434,-70200,-70000,446045721898,93325532249,49442624,93325.532249,0.49442624,,,0,0,"{""pool_owner"": ""0x827922686190790b37229fd06084350E74485b72""}"
2025-09-03T03:36:43+00:00,35040628,78,0x242cba0af22192245f04043bf1c2d8f34c58f463c47ee4b348a52d51cf9ace5d,collect,127,24473434,-70200,-70000,,0,2,0,0.00000002,0,2,0,0.00000002,"{""recipient"": ""0xa697a5b929CcA9b3F8a78c4E4Af1848506C06022""}"
2025-09-03T03:36:43+00:00,35040628,78,0x242cba0af22192245f04043bf1c2d8f34c58f463c47ee4b348a52d51cf9ace5d,gauge_deposit,132,24473434,,,446045721898,,,0,0,,,0,0,
2025-09-03T13:53:13+00:00,35059123,156,0x7cd1e098e09b128e52acad674d299b4ca8d665ae230df0fd2c58ffdc2afa2e89,collect,479,24473434,-70200,-70000,,0,0,0,0,0,0,0,0,"{""recipient"": ""0xa697a5b929CcA9b3F8a78c4E4Af1848506C06022""}"
2025-09-03T13:53:13+00:00,35059123,156,0x7cd1e098e09b128e52acad674d299b4ca8d665ae230df0fd2c58ffdc2afa2e89,gauge_getReward,483,,,,,,,0,0,,,0,0,
2025-09-03T13:53:13+00:00,35059123,156,0x7cd1e098e09b128e52acad674d299b4ca8d665ae230df0fd2c58ffdc2afa2e89,gauge_withdraw,486,24473434,,,446045721898,,,0,0,,,0,0,
2025-09-03T13:53:35+00:00,35059134,165,0x921ecd98803fb984af8751ff5c7465bfbd131fc487c6384ace6ba8a4e39c9964,burn,843,24473434,-70200,-70000,446045721898,137117652518,10111424,137117.652518,0.10111424,,,0,0,
2025-09-03T13:53:35+00:00,35059134,165,0x921ecd98803fb984af8751ff5c7465bfbd131fc487c6384ace6ba8a4e39c9964,collect,848,24473434,-70200,-70000,,137117652518,10111424,137117.652518,0.10111424,0,0,0,0,"{""recipient"": ""0xa697a5b929CcA9b3F8a78c4E4Af1848506C06022""}"
2025-09-03T16:37:39+00:00,35064056,164,0xee6ac400a0dc227aee01b79ef46a9cb01dc4386e69d182ccc058a01e4f283358,mint,583,24532197,-70200,-70100,1244702577411,207599387417,0,207599.387417,0,,,0,0,"{""pool_owner"": ""0x827922686190790b37229fd06084350E74485b72""}"
2025-09-03T16:38:05+00:00,35064069,8,0x5f956498781262b7e6dfcb39099309eae56804f25cf2ce16f5eb40a8e2d2a52a,collect,22,24532197,-70200,-70100,,0,0,0,0,0,0,0,0,"{""recipient"": ""0xa697a5b929CcA9b3F8a78c4E4Af1848506C06022""}"
2025-09-03T16:38:05+00:00,35064069,8,0x5f956498781262b7e6dfcb39099309eae56804f25cf2ce16f5eb40a8e2d2a52a,gauge_deposit,27,24532197,,,1244702577411,,,0,0,,,0,0,
2025-09-04T02:52:09+00:00,35082491,263,0x2609f95cacb07d5d967e4aa8516a22acc01726fe62020cc223605e4da868b9f6,collect,880,24473434,-70200,-70000,,0,119,0,0.00000119,0,119,0,0.00000119,"{""recipient"": ""0xa697a5b929CcA9b3F8a78c4E4Af1848506C06022""}"
2025-09-04T07:08:11+00:00,35090172,65,0x8d108776864c223069e47041ed52edb45e8d4862d4eaab45eb4132b871f772e2,collect,159,24532197,-70200,-70100,,0,0,0,0,0,0,0,0,"{""recipient"": ""0xa697a5b929CcA9b3F8a78c4E4Af1848506C06022""}"
2025-09-04T07:08:11+00:00,35090172,65,0x8d108776864c223069e47041ed52edb45e8d4862d4eaab45eb4132b871f772e2,gauge_getReward,163,24532197,,,,,,0,0,,,0,0,
2025-09-04T07:08:11+00:00,35090172,65,0x8d108776864c223069e47041ed52edb45e8d4862d4eaab45eb4132b871f772e2,gauge_withdraw,166,24532197,,,1244702577411,,,0,0,,,0,0,
2025-09-04T07:08:29+00:00,35090181,6,0x3f9e4f05ac738f19f8f5c7688162b44571f57c3b837ee339d1e4fa6e984b624f,burn,20,24532197,-70200,-70100,1244702577411,0,186553153,0,1.86553153,,,0,0,
2025-09-04T07:08:29+00:00,35090181,6,0x3f9e4f05ac738f19f8f5c7688162b44571f57c3b837ee339d1e4fa6e984b624f,collect,24,24532197,-70200,-70100,,0,186553153,0,1.86553153,0,0,0,0,"{""recipient"": ""0xa697a5b929CcA9b3F8a78c4E4Af1848506C06022""}"
2025-09-04T14:57:55+00:00,35104264,126,0x31f78bfec39db257464979a98c28670702bd43d353fb1850f8a9f96d4ababa74,mint,407,24629387,-70200,-70000,756590439376,33607541660,196744670,33607.54166,1.9674467,,,0,0,"{""pool_owner"": ""0x827922686190790b37229fd06084350E74485b72""}"
2025-09-04T14:58:49+00:00,35104291,16,0x69a63d9b3a87773f48f88f9697d4dead17e32fed6e53107fa6fb170ad12fa6a1,collect,37,24629387,-70200,-70000,,0,808,0,0.00000808,0,808,0,0.00000808,"{""recipient"": ""0xa697a5b929CcA9b3F8a78c4E4Af1848506C06022""}"
2025-09-04T14:58:49+00:00,35104291,16,0x69a63d9b3a87773f48f88f9697d4dead17e32fed6e53107fa6fb170ad12fa6a1,gauge_deposit,42,24629387,,,756590439376,,,0,0,,,0,0,
2025-09-05T08:43:31+00:00,35136232,10,0xf4caf0daa3b621688dc5de2cec294fe1e183e4eeb8b800703d964ae983c89929,collect,11,24629387,-70200,-70000,,0,0,0,0,0,0,0,0,"{""recipient"": ""0xa697a5b929CcA9b3F8a78c4E4Af1848506C06022""}"
2025-09-05T08:43:31+00:00,35136232,10,0xf4caf0daa3b621688dc5de2cec294fe1e183e4eeb8b800703d964ae983c89929,gauge_getReward,15,24629387,,,,,,0,0,,,0,0,
2025-09-05T08:43:31+00:00,35136232,10,0xf4caf0daa3b621688dc5de2cec294fe1e183e4eeb8b800703d964ae983c89929,gauge_withdraw,18,24629387,,,756590439376,,,0,0,,,0,0,
2025-09-05T08:43:53+00:00,35136243,21,0x67a70793e86bcd7327149ce4efcf1f77e017cd365f3240e73cd1dd0fc1669948,burn,39,24629387,-70200,-70000,756590439376,251748562069,0,251748.562069,0,,,0,0,
2025-09-05T08:43:53+00:00,35136243,21,0x67a70793e86bcd7327149ce4efcf1f77e017cd365f3240e73cd1dd0fc1669948,collect,43,24629387,-70200,-70000,,251748562069,0,251748.562069,0,0,0,0,0,"{""recipient"": ""0xa697a5b929CcA9b3F8a78c4E4Af1848506C06022""}"
2025-09-05T15:40:17+00:00,35148735,87,0x56d9898234f6ff82e6fbb460c11c48f3df0e11e3ae2b0a706853077cff9090f6,mint,399,24742442,-70200,-70100,1528405160635,36174316888,196427132,36174.316888,1.96427132,,,0,0,"{""pool_owner"": ""0x827922686190790b37229fd06084350E74485b72""}"
2025-09-05T15:40:59+00:00,35148756,7,0xf8f153ea2d4947e32cc0cebac5219f783b8fa940e08a9bd81bac98c01da5bf38,collect,9,24742442,-70200,-70100,,2372109,15,2.372109,0.00000015,2372109,15,2.372109,0.00000015,"{""recipient"": ""0xa697a5b929CcA9b3F8a78c4E4Af1848506C06022""}"
2025-09-05T15:40:59+00:00,35148756,7,0xf8f153ea2d4947e32cc0cebac5219f783b8fa940e08a9bd81bac98c01da5bf38,gauge_deposit,14,24742442,,,1528405160635,,,0,0,,,0,0,
2025-09-05T15:48:45+00:00,35148989,11,0x16b7680a6669ed6d5ef681c90e8e9125eb1fcb9fb64631b622e754ee1557153c,collect,52,24742442,-70200,-70100,,0,0,0,0,0,0,0,0,"{""recipient"": ""0xa697a5b929CcA9b3F8a78c4E4Af1848506C06022""}"
2025-09-05T15:48:45+00:00,35148989,11,0x16b7680a6669ed6d5ef681c90e8e9125eb1fcb9fb64631b622e754ee1557153c,gauge_getReward,56,24742442,,,,,,0,0,,,0,0,
2025-09-05T15:48:45+00:00,35148989,11,0x16b7680a6669ed6d5ef681c90e8e9125eb1fcb9fb64631b622e754ee1557153c,gauge_withdraw,59,24742442,,,1528405160635,,,0,0,,,0,0,
2025-09-05T16:01:29+00:00,35149371,165,0x783198adf65f5c30cd51f25d472893b4eb836c23828553a2b71a90cbb80314ae,collect,414,24742442,-70200,-70100,,9299148,14351,9.299148,0.00014351,9299148,14351,9.299148,0.00014351,"{""recipient"": ""0xa697a5b929CcA9b3F8a78c4E4Af1848506C06022""}"
2025-09-05T16:01:29+00:00,35149371,165,0x783198adf65f5c30cd51f25d472893b4eb836c23828553a2b71a90cbb80314ae,gauge_deposit,419,24742442,,,1528405160635,,,0,0,,,0,0,
2025-09-06T14:44:35+00:00,35190264,214,0xdb37c7c19b0daf64e4b6cfa37a115e57fe3f273a7eb7b409931d5f9747df92e0,gauge_getReward,590,24742442,,,,,,0,0,,,0,0,
2025-09-06T16:20:33+00:00,35193143,221,0xe9c8cb13f2a0be5f5b99a99b58536010a8b6c0282af1698364572ca407b91527,collect,716,24742442,-70200,-70100,,0,0,0,0,0,0,0,0,"{""recipient"": ""0xa697a5b929CcA9b3F8a78c4E4Af1848506C06022""}"
2025-09-06T16:20:33+00:00,35193143,221,0xe9c8cb13f2a0be5f5b99a99b58536010a8b6c0282af1698364572ca407b91527,gauge_getReward,720,24742442,,,,,,0,0,,,0,0,
2025-09-06T16:20:33+00:00,35193143,221,0xe9c8cb13f2a0be5f5b99a99b58536010a8b6c0282af1698364572ca407b91527,gauge_withdraw,723,24742442,,,1528405160635,,,0,0,,,0,0,
2025-09-06T16:20:47+00:00,35193150,130,0x4fd8c59a03ae583c317686432bafd4d24110dd34c5f51d8db3c29b6d3e229ee0,burn,437,24742442,-70200,-70100,1528405160635,0,229073843,0,2.29073843,,,0,0,
2025-09-06T16:20:47+00:00,35193150,130,0x4fd8c59a03ae583c317686432bafd4d24110dd34c5f51d8db3c29b6d3e229ee0,collect,441,24742442,-70200,-70100,,0,229073843,0,2.29073843,0,0,0,0,"{""recipient"": ""0xa697a5b929CcA9b3F8a78c4E4Af1848506C06022""}"
2025-09-07T09:32:11+00:00,35224092,20,0x973726fa26d222ab72f54003bce4be16f46071c25a9216c547191e6f23f5641a,mint,54,24878858,-70300,-70100,819308448265,54767621339,195616859,54767.621339,1.95616859,,,0,0,"{""pool_owner"": ""0x827922686190790b37229fd06084350E74485b72""}"
2025-09-07T09:32:55+00:00,35224114,18,0x3407997c31d51790796c214a80b268dd16fa54e9f2c5c3610c81dfebff08a974,collect,36,24878858,-70300,-70100,,2678,3157,0.002678,0.00003157,2678,3157,0.002678,0.00003157,"{""recipient"": ""0xa697a5b929CcA9b3F8a78c4E4Af1848506C06022""}"
2025-09-07T09:32:55+00:00,35224114,18,0x3407997c31d51790796c214a80b268dd16fa54e9f2c5c3610c81dfebff08a974,gauge_deposit,41,24878858,,,819308448265,,,0,0,,,0,0,
2025-09-08T12:58:21+00:00,35273477,83,0x384bd1de3d53726e971f512897af9c07a96a1094d957d9484a4c4cddc8406bf7,collect,145,24878858,-70300,-70100,,0,0,0,0,0,0,0,0,"{""recipient"": ""0xa697a5b929CcA9b3F8a78c4E4Af1848506C06022""}"
2025-09-08T12:58:21+00:00,35273477,83,0x384bd1de3d53726e971f512897af9c07a96a1094d957d9484a4c4cddc8406bf7,gauge_getReward,149,24878858,,,,,,0,0,,,0,0,
2025-09-08T12:58:21+00:00,35273477,83,0x384bd1de3d53726e971f512897af9c07a96a1094d957d9484a4c4cddc8406bf7,gauge_withdraw,152,24878858,,,819308448265,,,0,0,,,0,0,
2025-09-08T12:58:45+00:00,35273489,194,0x0d1297ac104355918fbda1f242556f5bbb60d8f476d70c6ae7aebb37ae8e55f7,burn,530,24878858,-70300,-70100,819308448265,160518505501,100859967,160518.505501,1.00859967,,,0,0,
2025-09-08T12:58:45+00:00,35273489,194,0x0d1297ac104355918fbda1f242556f5bbb60d8f476d70c6ae7aebb37ae8e55f7,collect,535,24878858,-70300,-70100,,160518505501,100859967,160518.505501,1.00859967,0,0,0,0,"{""recipient"": ""0xa697a5b929CcA9b3F8a78c4E4Af1848506C06022""}"
2025-09-08T12:59:03+00:00,35273498,7,0xb707ea38e02b33a37226e6cd8b9c9191414e330151716f8364ae6e79a11de849,collect,26,24878858,-70300,-70100,,9,0,0.000009,0,9,0,0.000009,0,"{""recipient"": ""0xa697a5b929CcA9b3F8a78c4E4Af1848506C06022""}"
2025-09-09T03:12:43+00:00,35299108,185,0xf4aa88d20da050942a9c0cc8e3b84db97a10d3db6014cac1db768c94b84be191,mint,183,25042497,-70300,-70100,736004146848,83554999510,144867019,83554.99951,1.44867019,,,0,0,"{""pool_owner"": ""0x827922686190790b37229fd06084350E74485b72""}"
2025-09-09T03:13:33+00:00,35299133,31,0x9e8beab6a62d059e142e063d91c400ab207b7c3ff0dc4f6a0036d70858a94210,collect,51,25042497,-70300,-70100,,0,0,0,0,0,0,0,0,"{""recipient"": ""0xa697a5b929CcA9b3F8a78c4E4Af1848506C06022""}"
2025-09-09T03:13:33+00:00,35299133,31,0x9e8beab6a62d059e142e063d91c400ab207b7c3ff0dc4f6a0036d70858a94210,gauge_deposit,56,25042497,,,736004146848,,,0,0,,,0,0,
2025-09-09T06:35:55+00:00,35305204,19,0x8f7003c790c930693e06effef855acac7ae5ac0c2fdaf59045826aabc4c88151,collect,36,25042497,-70300,-70100,,0,0,0,0,0,0,0,0,"{""recipient"": ""0xa697a5b929CcA9b3F8a78c4E4Af1848506C06022""}"
2025-09-09T06:35:55+00:00,35305204,19,0x8f7003c790c930693e06effef855acac7ae5ac0c2fdaf59045826aabc4c88151,gauge_getReward,40,25042497,,,,,,0,0,,,0,0,
2025-09-09T06:35:55+00:00,35305204,19,0x8f7003c790c930693e06effef855acac7ae5ac0c2fdaf59045826aabc4c88151,gauge_withdraw,43,25042497,,,736004146848,,,0,0,,,0,0,
2025-09-09T06:37:43+00:00,35305258,235,0xda0e75299437d73d8b76a480cc7efd44433e720fe9b827424b43a711800547f3,burn,697,25042497,-70300,-70100,736004146848,231300572477,13132115,231300.572477,0.13132115,,,0,0,
2025-09-09T06:37:43+00:00,35305258,235,0xda0e75299437d73d8b76a480cc7efd44433e720fe9b827424b43a711800547f3,collect,702,25042497,-70300,-70100,,231302998366,11359448,231302.998366,0.11359448,2425889,-1772667,2.425889,-0.01772667,"{""recipient"": ""0xa697a5b929CcA9b3F8a78c4E4Af1848506C06022""}"
2025-09-09T06:38:01+00:00,35305267,72,0x3ceed1939f47799d4ccec5eb6bd1927f7fc3546b4d67a4ca752c3a3a16aaa5c1,collect,182,25042497,-70300,-70100,,0,1774152,0,0.01774152,0,1774152,0,0.01774152,"{""recipient"": ""0xa697a5b929CcA9b3F8a78c4E4Af1848506C06022""}"
2025-09-09T14:41:59+00:00,35319786,122,0x39ef115a97dad9fbacec1b4de0a3a47f4a9b97475c138f6e77d0cd58dd285d62,mint,477,25090350,-70200,-70000,740881564673,231000000000,13887152,231000,0.13887152,,,0,0,"{""pool_owner"": ""0x827922686190790b37229fd06084350E74485b72""}"
2025-09-09T14:42:37+00:00,35319805,18,0x427bf68df278ef1a3b71a6265e41f1a6b021d249a032b4b5ef890c39de928c9f,collect,62,25090350,-70200,-70000,,610552,814,0.610552,0.00000814,610552,814,0.610552,0.00000814,"{""recipient"": ""0xa697a5b929CcA9b3F8a78c4E4Af1848506C06022""}"
2025-09-09T14:42:37+00:00,35319805,18,0x427bf68df278ef1a3b71a6265e41f1a6b021d249a032b4b5ef890c39de928c9f,gauge_deposit,67,25090350,,,740881564673,,,0,0,,,0,0,
2025-09-10T06:51:23+00:00,35348868,22,0x374ade876e4fa2bad42917a5667beeac33a1ee4cb9e74c6dc2c4aed367feb317,collect,64,25090350,-70200,-70000,,0,0,0,0,0,0,0,0,"{""recipient"": ""0xa697a5b929CcA9b3F8a78c4E4Af1848506C06022""}"
2025-09-10T06:51:23+00:00,35348868,22,0x374ade876e4fa2bad42917a5667beeac33a1ee4cb9e74c6dc2c4aed367feb317,gauge_getReward,68,25090350,,,,,,0,0,,,0,0,
2025-09-10T06:51:23+00:00,35348868,22,0x374ade876e4fa2bad42917a5667beeac33a1ee4cb9e74c6dc2c4aed367feb317,gauge_withdraw,71,25090350,,,740881564673,,,0,0,,,0,0,
2025-09-10T06:51:51+00:00,35348882,14,0xc2149a358366caf500a1ec495493c196520513afa333fbd1738b79ba4c97ae52,burn,16,25090350,-70200,-70000,740881564673,246521577412,0,246521.577412,0,,,0,0,
2025-09-10T06:51:51+00:00,35348882,14,0xc2149a358366caf500a1ec495493c196520513afa333fbd1738b79ba4c97ae52,collect,20,25090350,-70200,-70000,,246521577412,0,246521.577412,0,0,0,0,0,"{""recipient"": ""0xa697a5b929CcA9b3F8a78c4E4Af1848506C06022""}"
2025-09-10T23:00:07+00:00,35377930,244,0x951b74f14ac75dcd7da61697d988a93c45c9eb1ffc9135060f200ef94e50eddd,mint,1019,25216171,-70400,-70200,787905764567,245817354197,16651699,245817.354197,0.16651699,,,0,0,"{""pool_owner"": ""0x827922686190790b37229fd06084350E74485b72""}"
2025-09-10T23:00:47+00:00,35377950,22,0x33614fa128fa15b7a7abc8e7263b716de80502c5a4f5e61dd66196393be5d999,collect,63,25216171,-70400,-70200,,545678,0,0.545678,0,545678,0,0.545678,0,"{""recipient"": ""0xa697a5b929CcA9b3F8a78c4E4Af1848506C06022""}"
2025-09-10T23:00:47+00:00,35377950,22,0x33614fa128fa15b7a7abc8e7263b716de80502c5a4f5e61dd66196393be5d999,gauge_deposit,68,25216171,,,787905764567,,,0,0,,,0,0,
2025-09-11T03:45:39+00:00,35386496,150,0xeb6c8710ea759398c7899e44588b2ef92503fddfa49a1f1e3ec3b19eb962290c,collect,818,25216171,-70400,-70200,,0,0,0,0,0,0,0,0,"{""recipient"": ""0xa697a5b929CcA9b3F8a78c4E4Af1848506C06022""}"
2025-09-11T03:45:39+00:00,35386496,150,0xeb6c8710ea759398c7899e44588b2ef92503fddfa49a1f1e3ec3b19eb962290c,gauge_getReward,822,25216171,,,,,,0,0,,,0,0,
2025-09-11T03:45:39+00:00,35386496,150,0xeb6c8710ea759398c7899e44588b2ef92503fddfa49a1f1e3ec3b19eb962290c,gauge_withdraw,825,25216171,,,787905764567,,,0,0,,,0,0,
2025-09-11T03:46:01+00:00,35386507,22,0xd37dfcd1db91c3c281030d9136f8ce2d3d1e472912013a00eeeb6a3ffe5a7b4c,burn,271,25216171,-70400,-70200,787905764567,264803155001,0,264803.155001,0,,,0,0,
2025-09-11T03:46:01+00:00,35386507,22,0xd37dfcd1db91c3c281030d9136f8ce2d3d1e472912013a00eeeb6a3ffe5a7b4c,collect,275,25216171,-70400,-70200,,264803155001,0,264803.155001,0,0,0,0,0,"{""recipient"": ""0xa697a5b929CcA9b3F8a78c4E4Af1848506C06022""}"
2025-09-11T17:25:57+00:00,35411105,8,0x6510afa89f0640e00966b218fa0d736ae03c1987eae65cbc63b88ee347345cba,mint,34,25291939,-70500,-70300,779532927362,190829999249,63058002,190829.999249,0.63058002,,,0,0,"{""pool_owner"": ""0x827922686190790b37229fd06084350E74485b72""}"
2025-09-11T17:26:33+00:00,35411123,4,0xbb61bfadbc81868bef484733c7a47dcb358fbfc81a0b697244d5521c37ebb426,collect,1,25291939,-70500,-70300,,0,0,0,0,0,0,0,0,"{""recipient"": ""0xa697a5b929CcA9b3F8a78c4E4Af1848506C06022""}"
2025-09-11T17:26:33+00:00,35411123,4,0xbb61bfadbc81868bef484733c7a47dcb358fbfc81a0b697244d5521c37ebb426,gauge_deposit,6,25291939,,,779532927362,,,0,0,,,0,0,
2025-09-12T00:10:23+00:00,35423238,244,0x638f515f1a51509d9141bb868e46d5f8fb2c8882aa1aa471702c563625045a32,gauge_getReward,1211,25291939,,,,,,0,0,,,0,0,
2025-09-12T00:10:37+00:00,35423245,14,0xb1a5287c4b5b26ba366cb3e90a4e66d9689edc05c7863d6ada7aa4fb95f2dc4b,collect,33,25291939,-70500,-70300,,0,0,0,0,0,0,0,0,"{""recipient"": ""0xa697a5b929CcA9b3F8a78c4E4Af1848506C06022""}"
2025-09-12T00:10:37+00:00,35423245,14,0xb1a5287c4b5b26ba366cb3e90a4e66d9689edc05c7863d6ada7aa4fb95f2dc4b,gauge_withdraw,38,25291939,,,779532927362,,,0,0,,,0,0,
2025-09-12T00:10:53+00:00,35423253,126,0x4df31f6a0ab0a312bed31c7ef920712fd06169b91ae4b6dae4b53590c5bd00f4,burn,376,25291939,-70500,-70300,779532927362,263302332011,0,263302.332011,0,,,0,0,
2025-09-12T00:10:53+00:00,35423253,126,0x4df31f6a0ab0a312bed31c7ef920712fd06169b91ae4b6dae4b53590c5bd00f4,collect,380,25291939,-70500,-70300,,263302332011,0,263302.332011,0,0,0,0,0,"{""recipient"": ""0xa697a5b929CcA9b3F8a78c4E4Af1848506C06022""}"
2025-09-12T15:26:19+00:00,35450716,12,0xc9d4bf030c896bbaa0cc7253e1c586a9eb392faea69e6b5f462ecbdccf881d37,mint,22,25391778,-70500,-70400,1311348021467,208142459195,12045696,208142.459195,0.12045696,,,0,0,"{""pool_owner"": ""0x827922686190790b37229fd06084350E74485b72""}"
2025-09-12T15:29:27+00:00,35450810,64,0x6ffdd788b1acc3110f7467e26164802c2008553d6a93101e159e71f0f4774d16,collect,96,25391778,-70500,-70400,,0,3098,0,0.00003098,0,3098,0,0.00003098,"{""recipient"": ""0xa697a5b929CcA9b3F8a78c4E4Af1848506C06022""}"
2025-09-12T15:29:53+00:00,35450823,229,0xc1e1cb476d37494bd97ea6eb3da9fade8af8278f7510142cf76b5e221278d9cf,collect,449,25391778,-70500,-70400,,0,1822,0,0.00001822,0,1822,0,0.00001822,"{""recipient"": ""0xa697a5b929CcA9b3F8a78c4E4Af1848506C06022""}"
2025-09-12T15:29:53+00:00,35450823,229,0xc1e1cb476d37494bd97ea6eb3da9fade8af8278f7510142cf76b5e221278d9cf,gauge_deposit,454,25391778,,,1676425740100,,,0,0,,,0,0,
2025-09-12T17:22:41+00:00,35454207,16,0xbd7f5e786773ba979388fff8777e14cd5ab64eac34bb5e3271d4b9964a57fa9f,collect,28,25391778,-70500,-70400,,0,0,0,0,0,0,0,0,"{""recipient"": ""0xa697a5b929CcA9b3F8a78c4E4Af1848506C06022""}"
2025-09-12T17:22:41+00:00,35454207,16,0xbd7f5e786773ba979388fff8777e14cd5ab64eac34bb5e3271d4b9964a57fa9f,gauge_getReward,32,25391778,,,,,,0,0,,,0,0,
2025-09-12T17:22:41+00:00,35454207,16,0xbd7f5e786773ba979388fff8777e14cd5ab64eac34bb5e3271d4b9964a57fa9f,gauge_withdraw,35,25391778,,,1676425740100,,,0,0,,,0,0,
2025-09-12T17:23:15+00:00,35454224,300,0x38704e7a540f42ed8e04fcdc331768344cccdefbe677372767269dd69774fb2c,burn,1201,25391778,-70500,-70400,1676425740100,283830387932,0,283830.387932,0,,,0,0,
2025-09-12T17:23:15+00:00,35454224,300,0x38704e7a540f42ed8e04fcdc331768344cccdefbe677372767269dd69774fb2c,collect,1205,25391778,-70500,-70400,,283830387932,0,283830.387932,0,0,0,0,0,"{""recipient"": ""0xa697a5b929CcA9b3F8a78c4E4Af1848506C06022""}"
2025-09-13T01:33:33+00:00,35468933,145,0xa5c376788a0268cf0657a3d469ecf67c0258edb660a93481657719adbc9402c0,mint,467,25440372,-70600,-70500,1653790732345,214336348698,57683022,214336.348698,0.57683022,,,0,0,"{""pool_owner"": ""0x827922686190790b37229fd06084350E74485b72""}"
2025-09-13T01:33:59+00:00,35468946,98,0xfee46730f59436dab54480624096c32805a715a25d38854413236a0b0fc866ab,collect,215,25440372,-70600,-70500,,0,0,0,0,0,0,0,0,"{""recipient"": ""0xa697a5b929CcA9b3F8a78c4E4Af1848506C06022""}"
2025-09-13T01:33:59+00:00,35468946,98,0xfee46730f59436dab54480624096c32805a715a25d38854413236a0b0fc866ab,gauge_deposit,220,25440372,,,1653790732345,,,0,0,,,0,0,
2025-09-15T05:59:47+00:00,35563320,149,0x1a740fe0ebb7a2ac75c57f4a2ed95c66c4c035a20241d26baadbe1d3f5115bff,collect,276,25440372,-70600,-70500,,0,0,0,0,0,0,0,0,"{""recipient"": ""0xa697a5b929CcA9b3F8a78c4E4Af1848506C06022""}"
2025-09-15T05:59:47+00:00,35563320,149,0x1a740fe0ebb7a2ac75c57f4a2ed95c66c4c035a20241d26baadbe1d3f5115bff,gauge_getReward,280,25440372,,,,,,0,0,,,0,0,
2025-09-15T05:59:47+00:00,35563320,149,0x1a740fe0ebb7a2ac75c57f4a2ed95c66c4c035a20241d26baadbe1d3f5115bff,gauge_withdraw,283,25440372,,,1653790732345,,,0,0,,,0,0,
2025-09-15T06:00:03+00:00,35563328,20,0x74d8bf1ba2c4b321aa4e6b6f7bd7c1ca6c5eda869672c186c2a9ffcba6d5d2bf,burn,7,25440372,-70600,-70500,1653790732345,281401551810,0,281401.55181,0,,,0,0,
2025-09-15T06:00:03+00:00,35563328,20,0x74d8bf1ba2c4b321aa4e6b6f7bd7c1ca6c5eda869672c186c2a9ffcba6d5d2bf,collect,11,25440372,-70600,-70500,,281401551810,0,281401.55181,0,0,0,0,0,"{""recipient"": ""0xa697a5b929CcA9b3F8a78c4E4Af1848506C06022""}"
2025-09-15T10:18:09+00:00,35571071,111,0x140b05d863625de8135d306b20162b1fe746e9e2409d65131d69cfec28e4eb4f,mint,214,25670490,-70700,-70200,324132127453,149743980015,107223173,149743.980015,1.07223173,,,0,0,"{""pool_owner"": ""0x827922686190790b37229fd06084350E74485b72""}"
2025-09-15T10:18:55+00:00,35571094,77,0x645c1277d57fdda737a309a9b4554878a0d1223a82e7027d87068decca1e664c,collect,170,25670490,-70700,-70200,,0,0,0,0,0,0,0,0,"{""recipient"": ""0xa697a5b929CcA9b3F8a78c4E4Af1848506C06022""}"
2025-09-15T10:18:55+00:00,35571094,77,0x645c1277d57fdda737a309a9b4554878a0d1223a82e7027d87068decca1e664c,gauge_deposit,175,25670490,,,324132127453,,,0,0,,,0,0,
2025-09-17T06:37:29+00:00,35650851,212,0x63fd4e0e4c44f2b021c41b3645641278407268b47de2c4d46a601dca1a77bca0,collect,884,25670490,-70700,-70200,,0,0,0,0,0,0,0,0,"{""recipient"": ""0xa697a5b929CcA9b3F8a78c4E4Af1848506C06022""}"
2025-09-17T06:37:29+00:00,35650851,212,0x63fd4e0e4c44f2b021c41b3645641278407268b47de2c4d46a601dca1a77bca0,gauge_getReward,888,25670490,,,,,,0,0,,,0,0,
2025-09-17T06:37:29+00:00,35650851,212,0x63fd4e0e4c44f2b021c41b3645641278407268b47de2c4d46a601dca1a77bca0,gauge_withdraw,891,25670490,,,324132127453,,,0,0,,,0,0,
2025-09-17T06:37:49+00:00,35650861,197,0xef5bd7fa12e76523546a1e48ad64aafe9dbbf7aa4c99689ca257c7499d043356,burn,699,25670490,-70700,-70200,324132127453,251854554957,19211079,251854.554957,0.19211079,,,0,0,
2025-09-17T06:37:49+00:00,35650861,197,0xef5bd7fa12e76523546a1e48ad64aafe9dbbf7aa4c99689ca257c7499d043356,collect,704,25670490,-70700,-70200,,251854554957,19211079,251854.554957,0.19211079,0,0,0,0,"{""recipient"": ""0xa697a5b929CcA9b3F8a78c4E4Af1848506C06022""}"
2025-09-17T23:34:03+00:00,35681348,17,0x1850cadf4f9a6ea64d8a1018f5b750821182e44bd6bb18b171db6201487c2e58,mint,48,25948746,-70600,-70500,1125343148808,191483300880,0,191483.30088,0,,,0,0,"{""pool_owner"": ""0x827922686190790b37229fd06084350E74485b72""}"
2025-09-17T23:35:29+00:00,35681391,228,0x69c9b932416618cd17761952cda898928fe04196b6a588e9493029e3391013bd,collect,773,25948746,-70600,-70500,,0,0,0,0,0,0,0,0,"{""recipient"": ""0xa697a5b929CcA9b3F8a78c4E4Af1848506C06022""}"
2025-09-17T23:35:29+00:00,35681391,228,0x69c9b932416618cd17761952cda898928fe04196b6a588e9493029e3391013bd,gauge_deposit,778,25948746,,,1125343148808,,,0,0,,,0,0,
2025-09-18T03:36:49+00:00,35688631,176,0x8fedefe9609d8cccc5b768c48096768e7e7f708ba607a5e1a6d990eed7d1580a,collect,279,25948746,-70600,-70500,,0,0,0,0,0,0,0,0,"{""recipient"": ""0xa697a5b929CcA9b3F8a78c4E4Af1848506C06022""}"
2025-09-18T03:36:49+00:00,35688631,176,0x8fedefe9609d8cccc5b768c48096768e7e7f708ba607a5e1a6d990eed7d1580a,gauge_getReward,283,25948746,,,,,,0,0,,,0,0,
2025-09-18T03:36:49+00:00,35688631,176,0x8fedefe9609d8cccc5b768c48096768e7e7f708ba607a5e1a6d990eed7d1580a,gauge_withdraw,286,25948746,,,1125343148808,,,0,0,,,0,0,
2025-09-18T03:37:05+00:00,35688639,32,0x4d72f4cdf680b1b12c8e5b8dca53b4bef417169c679004f71524ea7318e2102b,burn,11,25948746,-70600,-70500,1125343148808,191483300879,0,191483.300879,0,,,0,0,
2025-09-18T03:37:05+00:00,35688639,32,0x4d72f4cdf680b1b12c8e5b8dca53b4bef417169c679004f71524ea7318e2102b,collect,15,25948746,-70600,-70500,,191483300879,0,191483.300879,0,0,0,0,0,"{""recipient"": ""0xa697a5b929CcA9b3F8a78c4E4Af1848506C06022""}"
2025-09-18T20:10:15+00:00,35718434,209,0xe0f587088bcb24955398cb55419fe2f9835186250b8567b46697657a7c644b16,mint,539,26051796,-70700,-70600,602319395091,100692635622,1964107,100692.635622,0.01964107,,,0,0,"{""pool_owner"": ""0x827922686190790b37229fd06084350E74485b72""}"
2025-09-18T20:11:21+00:00,35718467,14,0xe4ffb31fae2fdad574360fa671a7e744f08964ec1e21d9273d63923c03e4b0ef,collect,9,26051796,-70700,-70600,,0,0,0,0,0,0,0,0,"{""recipient"": ""0xa697a5b929CcA9b3F8a78c4E4Af1848506C06022""}"
2025-09-18T20:11:21+00:00,35718467,14,0xe4ffb31fae2fdad574360fa671a7e744f08964ec1e21d9273d63923c03e4b0ef,gauge_deposit,14,26051796,,,602319395091,,,0,0,,,0,0,
2025-09-18T21:39:35+00:00,35721114,15,0x4d671cf3667a11321b168588724fc4c60e450eadb26ef3a8c4112f0012688ed0,collect,45,26051796,-70700,-70600,,0,0,0,0,0,0,0,0,"{""recipient"": ""0xa697a5b929CcA9b3F8a78c4E4Af1848506C06022""}"
2025-09-18T21:39:35+00:00,35721114,15,0x4d671cf3667a11321b168588724fc4c60e450eadb26ef3a8c4112f0012688ed0,gauge_getReward,49,26051796,,,,,,0,0,,,0,0,
2025-09-18T21:39:35+00:00,35721114,15,0x4d671cf3667a11321b168588724fc4c60e450eadb26ef3a8c4112f0012688ed0,gauge_withdraw,52,26051796,,,602319395091,,,0,0,,,0,0,
2025-09-18T21:39:59+00:00,35721126,182,0x018b2fadcedc595d1d224e7033f20050ed1e51413e295ea5ff0d7308edf4062a,burn,321,26051796,-70700,-70600,602319395091,96650380495,5403623,96650.380495,0.05403623,,,0,0,
2025-09-18T21:39:59+00:00,35721126,182,0x018b2fadcedc595d1d224e7033f20050ed1e51413e295ea5ff0d7308edf4062a,collect,326,26051796,-70700,-70600,,96650380495,5403623,96650.380495,0.05403623,0,0,0,0,"{""recipient"": ""0xa697a5b929CcA9b3F8a78c4E4Af1848506C06022""}"
2025-09-19T03:59:05+00:00,35732499,10,0x5cae11d1e7d2a4f252faf0f05615a8b639bf496ca9f580a38e151b7650bcce22,mint,29,26084562,-70700,-70600,625198282047,56675134437,42830326,56675.134437,0.42830326,,,0,0,"{""pool_owner"": ""0x827922686190790b37229fd06084350E74485b72""}"
2025-09-19T04:01:49+00:00,35732581,105,0xad10037bf68cad52f92f8eae0b032c9b59444cc63548bb141126ee9732f8a1a3,collect,198,26084562,-70700,-70600,,29721,0,0.029721,0,29721,0,0.029721,0,"{""recipient"": ""0xa697a5b929CcA9b3F8a78c4E4Af1848506C06022""}"
2025-09-19T04:02:11+00:00,35732592,10,0xe8ab05f5d71b182dc9045707bd4510da1dcbc973361431b8d36bc15929da908e,collect,18,26084562,-70700,-70600,,0,0,0,0,0,0,0,0,"{""recipient"": ""0xa697a5b929CcA9b3F8a78c4E4Af1848506C06022""}"
2025-09-19T04:02:11+00:00,35732592,10,0xe8ab05f5d71b182dc9045707bd4510da1dcbc973361431b8d36bc15929da908e,gauge_deposit,23,26084562,,,855277276417,,,0,0,,,0,0,
2025-09-19T13:17:59+00:00,35749266,252,0xef35d6a29da829dac2c3cf1ba539d23e0afec319ad72a299edba6fadc4b45a84,collect,394,26084562,-70700,-70600,,0,0,0,0,0,0,0,0,"{""recipient"": ""0xa697a5b929CcA9b3F8a78c4E4Af1848506C06022""}"
2025-09-19T13:17:59+00:00,35749266,252,0xef35d6a29da829dac2c3cf1ba539d23e0afec319ad72a299edba6fadc4b45a84,gauge_getReward,398,26084562,,,,,,0,0,,,0,0,
2025-09-19T13:17:59+00:00,35749266,252,0xef35d6a29da829dac2c3cf1ba539d23e0afec319ad72a299edba6fadc4b45a84,gauge_withdraw,401,26084562,,,855277276417,,,0,0,,,0,0,
2025-09-19T13:18:23+00:00,35749278,122,0x3d557ad26a6cea703bcd31a243f8623914168067a5ea8f8f56870d230e7b99d7,burn,334,26084562,-70700,-70600,855277276417,0,125022195,0,1.25022195,,,0,0,
2025-09-19T13:18:23+00:00,35749278,122,0x3d557ad26a6cea703bcd31a243f8623914168067a5ea8f8f56870d230e7b99d7,collect,338,26084562,-70700,-70600,,0,125022195,0,1.25022195,0,0,0,0,"{""recipient"": ""0xa697a5b929CcA9b3F8a78c4E4Af1848506C06022""}"
2025-09-19T15:25:03+00:00,35753078,14,0xc9e949901ddd60f779d94c63dcacaea81f93c9ed150078aaf1cce24febeebcb1,mint,49,26137680,-70600,-70500,1375508661259,103274250701,112661231,103274.250701,1.12661231,,,0,0,"{""pool_owner"": ""0x827922686190790b37229fd06084350E74485b72""}"
2025-09-19T15:32:49+00:00,35753311,167,0xed60e385672432405d37f3ad2a9fe2d38b800702178d3328e0421bdc9e9f253f,collect,547,26137680,-70600,-70500,,9081950,8507,9.08195,0.00008507,9081950,8507,9.08195,0.00008507,"{""recipient"": ""0xa697a5b929CcA9b3F8a78c4E4Af1848506C06022""}"
2025-09-19T15:32:49+00:00,35753311,167,0xed60e385672432405d37f3ad2a9fe2d38b800702178d3328e0421bdc9e9f253f,gauge_deposit,552,26137680,,,1777214842921,,,0,0,,,0,0,
2025-09-20T08:47:21+00:00,35784347,96,0xdc22ec2db4bc6422f5d18292c34a30391be37ab468e580676a86f768ee5a599d,collect,253,26137680,-70600,-70500,,0,0,0,0,0,0,0,0,"{""recipient"": ""0xa697a5b929CcA9b3F8a78c4E4Af1848506C06022""}"
2025-09-20T08:47:21+00:00,35784347,96,0xdc22ec2db4bc6422f5d18292c34a30391be37ab468e580676a86f768ee5a599d,gauge_getReward,257,26137680,,,,,,0,0,,,0,0,
2025-09-20T08:47:21+00:00,35784347,96,0xdc22ec2db4bc6422f5d18292c34a30391be37ab468e580676a86f768ee5a599d,gauge_withdraw,260,26137680,,,1777214842921,,,0,0,,,0,0,
2025-09-20T08:47:41+00:00,35784357,243,0x6e133dd4ea61b1a4df043051b96838bfa03912b601b667d06360e2f142993225,burn,807,26137680,-70600,-70500,1777214842921,179079639975,106160568,179079.639975,1.06160568,,,0,0,
2025-09-20T08:47:41+00:00,35784357,243,0x6e133dd4ea61b1a4df043051b96838bfa03912b601b667d06360e2f142993225,collect,812,26137680,-70600,-70500,,179079639975,106160568,179079.639975,1.06160568,0,0,0,0,"{""recipient"": ""0xa697a5b929CcA9b3F8a78c4E4Af1848506C06022""}"
2025-09-20T09:43:47+00:00,35786040,318,0x9898f449ed505b67c78fe1f303c712afbd9dd1b98ff18b4d845e0bbe6ba2843f,mint,627,26203322,-70600,-70500,1308314323656,99569355061,106000000,99569.355061,1.06,,,0,0,"{""pool_owner"": ""0x827922686190790b37229fd06084350E74485b72""}"
2025-09-20T09:50:13+00:00,35786233,173,0x76b955b6d327a6fc8f90b5e84054644f1a577f771fce4279d9de05cc3816e98c,collect,335,26203322,-70600,-70500,,393106,37,0.393106,0.00000037,393106,37,0.393106,0.00000037,"{""recipient"": ""0xa697a5b929CcA9b3F8a78c4E4Af1848506C06022""}"
2025-09-20T09:50:13+00:00,35786233,173,0x76b955b6d327a6fc8f90b5e84054644f1a577f771fce4279d9de05cc3816e98c,gauge_deposit,340,26203322,,,1814035203689,,,0,0,,,0,0,
2025-09-21T04:16:27+00:00,35819420,189,0x74bc0fa234de7bc5636d65d448ae23a9404bd455aaa59f89d7bb9519f8e977b1,collect,350,26203322,-70600,-70500,,0,0,0,0,0,0,0,0,"{""recipient"": ""0xa697a5b929CcA9b3F8a78c4E4Af1848506C06022""}"
2025-09-21T04:16:27+00:00,35819420,189,0x74bc0fa234de7bc5636d65d448ae23a9404bd455aaa59f89d7bb9519f8e977b1,gauge_getReward,354,26203322,,,,,,0,0,,,0,0,
2025-09-21T04:16:27+00:00,35819420,189,0x74bc0fa234de7bc5636d65d448ae23a9404bd455aaa59f89d7bb9519f8e977b1,gauge_withdraw,357,26203322,,,1814035203689,,,0,0,,,0,0,
2025-09-21T04:16:45+00:00,35819429,219,0x8f6ac9c4c5b6c412dc625351cb03f55b627761497b145cf6b72d1ef9958dcf90,burn,354,26203322,-70600,-70500,1814035203689,120908713312,161791336,120908.713312,1.61791336,,,0,0,
2025-09-21T04:16:45+00:00,35819429,219,0x8f6ac9c4c5b6c412dc625351cb03f55b627761497b145cf6b72d1ef9958dcf90,collect,359,26203322,-70600,-70500,,120908713312,161791336,120908.713312,1.61791336,0,0,0,0,"{""recipient"": ""0xa697a5b929CcA9b3F8a78c4E4Af1848506C06022""}"
2025-09-21T05:02:01+00:00,35820787,321,0x03d6b34c73b440989d7a07b8235224e5bb96566abcf1554fbf703519846e4de7,collect,729,25440372,-70600,-70500,,0,3,0,0.00000003,0,3,0,0.00000003,"{""recipient"": ""0xa697a5b929CcA9b3F8a78c4E4Af1848506C06022""}"
2025-09-21T05:02:01+00:00,35820787,321,0x03d6b34c73b440989d7a07b8235224e5bb96566abcf1554fbf703519846e4de7,gauge_deposit,734,25440372,,,1398831433319,,,0,0,,,0,0,
2025-09-22T01:24:19+00:00,35857456,204,0x5de17bd251a9951c05e4caf89f14a47bb9de6843cfdb432344450b97d0ca19f4,collect,433,25440372,-70600,-70500,,0,0,0,0,0,0,0,0,"{""recipient"": ""0xa697a5b929CcA9b3F8a78c4E4Af1848506C06022""}"
2025-09-22T01:24:19+00:00,35857456,204,0x5de17bd251a9951c05e4caf89f14a47bb9de6843cfdb432344450b97d0ca19f4,gauge_getReward,437,25440372,,,,,,0,0,,,0,0,
2025-09-22T01:24:19+00:00,35857456,204,0x5de17bd251a9951c05e4caf89f14a47bb9de6843cfdb432344450b97d0ca19f4,gauge_withdraw,440,25440372,,,1398831433319,,,0,0,,,0,0,
2025-09-22T01:25:37+00:00,35857495,212,0xe77e5e4cdcf04a515a2ad572d57f0bd211c82f70bc5651c884cce75e0a047670,burn,432,25440372,-70600,-70500,1398831433319,0,205502417,0,2.05502417,,,0,0,
2025-09-22T01:25:37+00:00,35857495,212,0xe77e5e4cdcf04a515a2ad572d57f0bd211c82f70bc5651c884cce75e0a047670,collect,436,25440372,-70600,-70500,,0,205502417,0,2.05502417,0,0,0,0,"{""recipient"": ""0xa697a5b929CcA9b3F8a78c4E4Af1848506C06022""}"
2025-09-22T02:41:33+00:00,35859773,9,0xa9e557a2fdd848c4ab99569d80dccbd68aa2dba7e0fb97de47283f9629671f40,mint,15,26334711,-70700,-70400,498367364798,23360244997,199202012,23360.244997,1.99202012,,,0,0,"{""pool_owner"": ""0x827922686190790b37229fd06084350E74485b72""}"
2025-09-22T02:42:05+00:00,35859789,290,0x7ec383606b4befa5d3389473644773cacc4f9a4b871d7f865052feff28839b8b,collect,762,26334711,-70700,-70400,,219059,0,0.219059,0,219059,0,0.219059,0,"{""recipient"": ""0xa697a5b929CcA9b3F8a78c4E4Af1848506C06022""}"
2025-09-22T02:42:05+00:00,35859789,290,0x7ec383606b4befa5d3389473644773cacc4f9a4b871d7f865052feff28839b8b,gauge_deposit,767,26334711,,,498367364798,,,0,0,,,0,0,
2025-09-22T06:08:59+00:00,35865996,104,0x1e5098fbfe9062cee36a227e91264b7f381c9512dac76319fb34b382e107f8f3,collect,307,26334711,-70700,-70400,,0,0,0,0,0,0,0,0,"{""recipient"": ""0xa697a5b929CcA9b3F8a78c4E4Af1848506C06022""}"
2025-09-22T06:08:59+00:00,35865996,104,0x1e5098fbfe9062cee36a227e91264b7f381c9512dac76319fb34b382e107f8f3,gauge_getReward,311,26334711,,,,,,0,0,,,0,0,
2025-09-22T06:08:59+00:00,35865996,104,0x1e5098fbfe9062cee36a227e91264b7f381c9512dac76319fb34b382e107f8f3,gauge_withdraw,314,26334711,,,498367364798,,,0,0,,,0,0,
2025-09-22T06:10:41+00:00,35866047,137,0x856e983b53a20ad7fdf88cc14546113ec657f24c459c5ca365461d0747a8e6bc,burn,235,26334711,-70700,-70400,498367364798,0,219647376,0,2.19647376,,,0,0,
2025-09-22T06:10:41+00:00,35866047,137,0x856e983b53a20ad7fdf88cc14546113ec657f24c459c5ca365461d0747a8e6bc,collect,239,26334711,-70700,-70400,,0,219647376,0,2.19647376,0,0,0,0,"{""recipient"": ""0xa697a5b929CcA9b3F8a78c4E4Af1848506C06022""}"
